<?xml version="1.0"?>
<theme_package xmlns:xsi="http://www.w3.org/2001/XMLSchema-instance" xsi:noNamespaceSchemaLocation="../properties.xsd">
  <load_files>
    <frameworks>
    </frameworks>
    <javascripts>
      <file>unroole_system</file>
      <file>:framework/jquery-1.10.2.min</file>
      <file>:framework/jquery-ui-1.10.3.custom.min</file>
      <file>:framework/handlebar.runtime-1.0.0</file>
      <file>templates/templates.cmpl</file>
      <file>plugins</file>
      <file>utils</file>
      <file>widgets/slideshow</file>
      <file>widgets/animations</file>   
      <file>menus/main_menu</file>  
      <file>menus/language_menu</file>  
      <file>menus/events_menu</file>
      <file>menus/newsletter_menu</file>
      <file>filters/dates_filter</file>
      <file>filters/language_filter</file>
      <file>filters/amenities_filter</file>
      <file>filters/hotels_villages_filter</file>
      <file>filters/rates_filter</file>
      <file>filters/reset</file>
      <file>hotel_details</file>
      <file>visit_villages</file>
      <file>data</file>
      <file>responsive</file>
      <file>main</file>  
    </javascripts>
    <stylesheets>
      <file>main</file>
	  <file>unroole_plugin</file>
    </stylesheets>
  </load_files>
  <system>
    <compatibility>
      <channel>mobile_api</channel>
      <channel>website</channel>
    </compatibility>
    <site_layout/>
  </system>
</theme_package>
